<?xml version="1.0" encoding="UTF-8"?>
<!DOCTYPE mapper PUBLIC "-//mybatis.org//DTD Mapper 3.0//EN"
"http://mybatis.org/dtd/mybatis-3-mapper.dtd">
<mapper namespace="com.aaa.dao.TshopingDao">
<select id="find" resultType="tshoping">
   select * from tshoping
</select>
<select id="findById" resultType="Map" parameterType="java.lang.Integer">
 select * from tshoping where tid=#{tid,jdbcType=INTEGER}
</select>
<update id="update" parameterType="tshoping">
 update tshoping set tname=#{tname,jdbcType=VARCHAR} where tid=#{tid,jdbcType=INTEGER}
</update>
<insert id="save" parameterType="tshoping">
  insert into tshoping(tname)values(#{tname})
</insert>
<delete id="delete" parameterType="java.lang.Integer">
 delete from tshoping where tid=#{tid,jdbcType=INTEGER}
</delete>	
</mapper>