<?xml version="1.0" encoding="UTF-8"?>
<beans xmlns="http://www.springframework.org/schema/beans"
	xmlns:xsi="http://www.w3.org/2001/XMLSchema-instance"
	xmlns:p="http://www.springframework.org/schema/p"
	xmlns:context="http://www.springframework.org/schema/context"
	xmlns:mvc="http://www.springframework.org/schema/mvc"
	xmlns:tx="http://www.springframework.org/schema/tx"
	xmlns:aop="http://www.springframework.org/schema/aop"
	xsi:schemaLocation="http://www.springframework.org/schema/mvc http://www.springframework.org/schema/mvc/spring-mvc-4.1.xsd
		http://www.springframework.org/schema/beans http://www.springframework.org/schema/beans/spring-beans-4.1.xsd
		http://www.springframework.org/schema/context http://www.springframework.org/schema/context/spring-context-4.1.xsd
		http://www.springframework.org/schema/aop http://www.springframework.org/schema/aop/spring-aop-4.1.xsd
		http://www.springframework.org/schema/tx http://www.springframework.org/schema/tx/spring-tx-4.1.xsd">

<!-- 开启扫描 -->
<context:component-scan base-package="com.aaa"></context:component-scan>
<!-- 配置数据库信息 -->
<bean id="propertyConfigurer" class="org.springframework.beans.factory.config.PropertyPlaceholderConfigurer">
	<property name="location" value="classpath:jdbc.properties"></property>
</bean>
	<!-- 配置数据源 dbcp -->
	<bean id="dataSource" class="org.apache.commons.dbcp.BasicDataSource" destroy-method="close">
		<property name="driverClassName" value="${jdbc.driver}"></property>
		<property name="url" value="${jdbc.url}"></property>
		<property name="username" value="${jdbc.username}"></property>
		<property name="password" value="${jdbc.password}"></property>
		<property name="initialSize" value="${jdbc.initialSize}"></property>
		<property name="minIdle" value="${jdbc.minIdle}"></property>
		<property name="maxIdle" value="${jdbc.maxIdle}"></property>
		<property name="maxActive" value="${jdbc.maxActive}"></property>
		<property name="maxWait" value="${jdbc.maxWait}"></property>
	</bean>
	<!-- 配置jdbcTem -->
	<bean id="sqlSessionFactory" class="org.mybatis.spring.SqlSessionFactoryBean">
		<property name="dataSource" ref="dataSource"></property><!-- 连接数据源 -->
		<property name="mapperLocations" value="classpath:com/aaa/dao/*.xml"></property><!-- 自动扫描mapper -->
		<property name="typeAliasesPackage" value="com.aaa.entity"></property>
	</bean>
	<!-- 配置扫描dao接口 -->
	<bean class="org.mybatis.spring.mapper.MapperScannerConfigurer">
		<property name="basePackage" value="com.aaa.dao"></property> <!-- 指定dao接口所在的包 -->
		<property name="sqlSessionFactoryBeanName" value="sqlSessionFactory"></property>
	</bean>
	
	<!-- 配置事务管理器 -->
	<bean id="transactionManager" class="org.springframework.jdbc.datasource.DataSourceTransactionManager">
		<property name="dataSource" ref="dataSource"></property>
	</bean>
 <!--   配置静态资源 -->
	<mvc:resources location="/resources/" mapping="/resources/**"></mvc:resources>
	<tx:annotation-driven transaction-manager="transactionManager"/>
</beans>